source_sector,count_2007,count_2009,count_2010,count_2011,count_2012,count_2013,count_2014,count_2015,count_2016
Agriculture,21991405.42262393,19764134.61857737,19948776.463850323,18744453.728676148,18918807.53326081,17151221.303018328,18843847.943589073,18037781.39290615,17930593.32568989
Forest,5257783.73609653,5259099.061746369,5293389.726450235,5312530.597240324,5317295.808619197,5324793.139734559,5031962.659162464,5051536.808929114,5121907.136590756
Non-Tidal Atm,664672.285282318,664672.285282318,664672.285282318,664672.285282318,664672.285282318,664672.285282318,664672.285282318,664672.2852809462,664672.2852809462
Septic,2914029.313455913,2971870.251839282,2996558.676626702,3015111.212068937,3032062.948377154,2950093.563772208,2830070.319227379,2834912.3545211703,2839261.7865059376
Stormwater,9833125.449068414,9533207.893069701,9479488.636825547,9513995.738411091,9666370.858995022,9532125.056478577,9785410.320909383,9826889.935835982,9762103.159975242
Wastewater,14106881.030827273,13017936.228841813,13662728.582647651,12271326.310280615,11594778.52013538,11325595.165155597,11906184.27789815,10821668.685086606,10914969.850010585
