source_sector,count_2007,count_2009,count_2010,count_2011,count_2012,count_2013,count_2014,count_2015,count_2016
Agriculture,1683394.287699709,1612748.94551318,1640145.8748690432,1532620.909642811,1605034.497758525,1560797.489204155,1459794.226231477,1397919.8091597883,1394008.6049642495
Forest,151182.694011236,150362.032766311,151651.5125757785,152163.9989306508,152800.2614277801,153401.622900121,145704.174219604,145889.5315269262,148553.40787816118
Non-Tidal Atm,39836.131626448,39836.131626448,39836.131626448,39836.131626448,39836.131626448,39836.131626448,39836.131626448,39836.13162651658,39836.13162651658
Septic,0,0,0,0,0,0,0,0,0
Stormwater,770779.872894433,711559.806853304,718453.272554527,724654.401791867,736712.853210082,639723.229666258,674188.196862872,662154.2947392951,652770.5945917172
Wastewater,836002.792374951,747211.652950071,722073.880573319,651596.256974068,623887.105097272,585734.5399014819,576954.310577773,533218.0119337551,540381.7177388705
