source_sector,count_1985,count_2007,count_2009,count_2010,count_2011,count_2012,count_2013,count_2014,count_2015,count_2016
Agriculture,1065343360.9863933,809321623.572544,744408540.1319677,696312495.5911757,650358560.1597418,682141098.5462788,622579424.5764592,632973690.6638426,592966180.8534231,575832714.4188079
Forest,134009484.41378754,125399255.10851854,124683018.85185407,125504396.98341477,126101269.3229648,127050502.33082023,127410179.67863533,119207322.15336514,119361688.25000133,122554161.22168373
Non-Tidal Atm,0,0,0,0,0,0,0,0,0,0
Septic,0,0,0,0,0,0,0,0,0,0
Stormwater,627550493.4720387,581798622.23342,514139633.8148121,542804515.498508,545117195.0190414,553554583.459243,492230114.8659662,534398034.53354096,520711419.7810182,483152333.2520957
Wastewater,42657625.36269397,11240194.400635049,10304914.280923845,11179736.034283318,9975355.487179738,10225522.993746934,10511403.993892023,12175583.827821596,13989344.230011718,13914043.253761204
